Name,Time,Category,Address,Latitude,Longitude,Description,Google_Maps_Link
【P4 停車場】新天鵝堡 (Parkplatz P4),2026-10-06 13:30 抵達,🅿️ 景點停車場,"Alpseestraße 27, 87645 Hohenschwangau, Germany",47.5539,10.7362,【10/6 13:30 前停妥】新天鵝堡首選停車場。離往瑪麗恩橋之接駁公車站僅步行 2 分鐘，收費 €12/6小時。停妥後搭接駁公車至瑪麗恩橋拍照，再散步至大門參加 14:55 英文導覽。下山後可順遊阿爾卑斯湖 (Alpsee)。,"https://www.google.com/maps/place/Parkplatz+P4/@47.5539,10.7362,17z"
【著名景點/世界遺產】維斯朝聖教堂 (Wieskirche),2026-10-07 09:40 - 10:20,⭐ 觀光景點,"Wies 12, 86989 Steingaden, Germany",47.6806,10.9008,【著名景點 / 世界文化遺產】阿爾卑斯大道最璀璨的洛可可奇蹟。外觀被群山與高山草甸牛群環繞，內部為金碧輝煌的洛可可壁畫雕刻。停放在專屬 Parkplatz Wieskirche（前 2 小時 €2.00），停留約 30-40 分鐘。,"https://www.google.com/maps/place/Wieskirche/@47.6806,10.9008,17z"
【高山湖泊/著名景點】瓦爾興湖・赫爾佐格纜車湖畔大停車場 (Parkplatz Herzogstandbahn),2026-10-07 11:00 - 11:30,⭐ 觀光景點,"Am Tanneneck 6, 82432 Kochel am See, Germany",47.596,11.317,【著名景點 / 瓦爾興湖最佳湖畔停靠點】被譽為「巴伐利亞馬爾地夫/加勒比海」的純淨翡翠碧湖。停泊於赫爾佐格峰纜車站專屬大停車場（車位極多、平價好停）。下車即可步上大片綠茵湖濱公園 (Seepromenade)，以最開闊的全景視野眺望廣袤翡翠藍水面與對岸 Jochberg 阿爾卑斯群山，湖畔設有長椅與漫步木棧道，停留約 20-30 分鐘。,"https://www.google.com/maps/place/Parkplatz+Herzogstandbahn/@47.5960,11.3170,17z"
【基姆湖停車場】Prien Hafen Stock S1,2026-10-07 12:15 - 13:45,🅿️ 景點停車場,"Seestraße 118, 83209 Prien am Chiemsee, Germany",47.8596,12.3664,【10/7 中午停放】基姆湖普林港口碼頭 S1 超大型專屬停車場（容量極大、好停車，單日僅約 €6.50）。停好車走至港口湖畔享用午餐（推薦基姆湖白鮭）、欣賞大渡輪與百年蒸汽火車。,"https://www.google.com/maps/place/Parkplatz+Hafen+Stock+S1/@47.8596,12.3664,17z"
【超充站】Tesla Supercharger Bernau am Chiemsee,2026-10-07 12:00 (可選中繼補電),⚡ Tesla 超充站,"Theodor-Sanne-Straße 4, 83233 Bernau am Chiemsee, Germany",47.8105,12.3694,【10/7 基姆湖超充站】位於 A8 高速公路交流道旁，配備 8 樁 250kW V3/V4 超充樁，旁邊有休息站、Shell 與速食店，補電 15-20 分鐘即可直達薩爾斯堡。,"https://www.google.com/maps/place/Tesla+Supercharger+Bernau+am+Chiemsee/@47.8105,12.3694,17z"
【薩爾斯堡停車場】H+ Hotel 地下停車場 (Tiefgarage Hauptbahnhof),2026-10-07 14:45 - 15:00 抵達停妥,🅿️ 景點停車場,"Südtiroler Pl. 13, 5020 Salzburg, Austria",47.8136,13.0453,【10/7 15:00 前停妥】已訂飯店 H+ Hotel Salzburg 直通之地下停車場 (Tiefgarage Hauptbahnhof / Forum 1)。車停好後搭電梯直達飯店大廳 Check-in 放行李，完全免開車進老城徒步區。步行穿過米拉貝爾花園或搭無軌電車直達老城要塞。,"https://www.google.com/maps/place/H%2B+Hotel+Salzburg/@47.8136,13.0453,17z"
【著名景點/皇家小鎮】巴德伊舍 & 皇家甜點店 (Bad Ischl - Café Zauner),2026-10-08 10:45 - 11:30,⭐ 觀光景點,"Auböckplatz 5, 4820 Bad Ischl, Austria",47.7118,13.6234,【10/8 上午停靠】哈布斯堡皇家避暑溫泉小鎮，西西公主與奧匈帝國皇帝相遇訂婚之地。停放在市中心停車場 (Parkplatz Zentrum/Kurhaus)，步行至百年皇家御用甜點店 Café Zauner 喝維也納米朗琪咖啡、品嚐經典榛果雪茄蛋糕，漫步特勞恩河畔。,"https://www.google.com/maps/place/Caf%C3%A9+Zauner/@47.7118,13.6234,17z"
【達赫斯坦纜車停車場】Dachstein Krippenstein Seilbahn Talstation,2026-10-08 12:45 前停妥,🅿️ 景點停車場,"Winkl 34, 4831 Obertraun, Austria",47.5337,13.7058,【10/8 12:45 前停妥】達赫斯坦山 (Dachstein Krippenstein) 纜車下站大停車場。車牌辨識系統，單日 €5.00。先在此或山下輕裝吃午餐，12:55 拿好厚外套毛帽手套，13:00 刷票搭纜車至巨型冰洞與五指觀景台。,"https://www.google.com/maps/place/Dachstein+Krippenstein-Seilbahn+Talstation/@47.5337,13.7058,17z"
【魔法森林/辛特湖停車場】Parkplatz Seeklause (P1),2026-10-09 13:30 - 16:30,🅿️ 景點停車場,"Hinterseer Str. 104, 83486 Ramsau bei Berchtesgaden, Germany",47.6044,12.8585,【10/9 13:30 前停妥】辛特湖 (Hintersee) 與魔法森林 (Zauberwald) 最佳專屬停車場【Parkplatz Seeklause (P1)】。緊鄰湖泊出水口閘門 (Seeklause) 與魔法森林步道起點。停好車直接步入魔法森林享受溪流巨石芬多精，並串聯辛特湖環湖木棧道。收費約 €5-€7。,"https://www.google.com/maps/place/Parkplatz+Seeklause/@47.6044,12.8585,17z"
【著名景點/明信片教堂】拉姆紹教堂 (Pfarrkirche St. Sebastian Ramsau),2026-10-09 16:45 - 17:15,⭐ 觀光景點,"Im Tal 82, 83486 Ramsau bei Berchtesgaden, Germany",47.6075,12.8943,【著名景點 / 德國明信片常客】德國阿爾卑斯最具代表性的木造尖頂小教堂與小木橋溪流，背倚雪山岩壁。回程順路臨停 15-20 分鐘拍照。,"https://www.google.com/maps/place/Pfarrkirche+St.+Sebastian/@47.6075,12.8943,17z"
【國王湖大停車場】Großparkplatz Königssee,2026-10-10 08:00 前停妥,🅿️ 景點停車場,"Seestraße 3, 83471 Schönau am Königssee, Germany",47.5925,12.9861,【10/10 08:00 前停妥】國王湖 (Königssee) 官方大停車場。離遊船碼頭步行約 5-7 分鐘（經 Seestraße 商店街）。單日票 €9.00（支援自動繳費機刷卡/投幣/Parkster）。停妥後步行至碼頭搭乘早班電動船直奔 Salet (Obersee 內湖)。,"https://www.google.com/maps/place/Gro%C3%9Fparkplatz+K%C3%B6nigssee/@47.5925,12.9861,17z"
【國王湖遊船碼頭】Königssee Seelände (去程搭船起點),2026-10-10 08:30 - 09:00,⭐ 觀光景點,"Seestraße 55, 83471 Schönau am Königssee, Germany",47.5878,12.9882,國王湖電動船主碼頭與售票處。在此購買或持線上票登上開往最深處 Salet 的早班船（09:00 首班），去程坐右側靠窗看回音壁小號表演與紅蔥頭教堂水上全景。,"https://www.google.com/maps/place/K%C3%B6nigssee+Seel%C3%A4nde/@47.5878,12.9882,17z"
【國王湖內湖碼頭】Anlegestelle Salet (終點站),2026-10-10 09:55 抵達,⭐ 觀光景點,"Salet, 83471 Schönau am Königssee, Germany",47.5251,12.9735,國王湖最深處碼頭，僅在 5 月中至 10 月中開放。下船後直接進入原始保護區步道，步行 15 分鐘至上湖 (Obersee)。注意回程末班船時間（約 16:30-17:10，碼頭立牌有標示）。,"https://www.google.com/maps/place/Anlegestelle+Salet/@47.5251,12.9735,17z"
【國王湖仙境亮點】上湖木造船屋與天空之鏡 (Bootshaus am Obersee),2026-10-10 10:15 - 10:45,⭐ 觀光景點,"Obersee, 83471 Schönau am Königssee, Germany",47.5193,12.9806,國王湖最具代表性的神仙倒影！百年深色木造船屋佇立在如明鏡般清澈的綠寶石湖畔，清晨平靜無風，對岸千仞山壁倒映水中，宛如懸浮空中。,"https://www.google.com/maps/place/Bootshaus+am+Obersee/@47.5193,12.9806,17z"
【高山世外牧場】Fischunkelalm (鮮牛奶木屋),2026-10-10 11:15 - 12:00,⭐ 觀光景點,"Fischunkelalm, 83471 Schönau am Königssee, Germany",47.5125,12.9888,Obersee 對岸世外桃源牧場。背倚千仞巨石絕壁，草甸散養阿爾卑斯乳牛（牛鈴聲清脆）。百年木屋必喝新鮮冰牛奶 (€1.5-€2，濃醇回甘，只收現金) 與牛油黑麥麵包。,"https://www.google.com/maps/place/Fischunkelalm/@47.5125,12.9888,17z"
【德國最高瀑布】羅特巴赫瀑布 (Röthbachfall),2026-10-10 12:00 - 12:30,⭐ 觀光景點,"Röthbachfall, 83471 Schönau am Königssee, Germany",47.5019,13.0122,德國境內落差最大（470 公尺！）的垂直巨瀑。冰川水自阿爾卑斯峭壁頂端分兩段傾瀉而下，谷底仰望垂直岩壁極具壓迫感與壯麗美。,"https://www.google.com/maps/place/R%C3%B6thbachfall/@47.5019,13.0122,17z"
【回程名物午餐】聖巴多羅買教堂 & 煙燻鱒魚 (St. Bartholomä & Fischer),2026-10-10 14:00 - 15:30,⭐ 觀光景點,"St. Bartholomä 1, 83471 Schönau am Königssee, Germany",47.5447,12.9725,國王湖湖心半島之標誌性紅蔥頭教堂。回程在此下船，參觀建於 12 世紀之古老修道院教堂，並在旁邊的「Fischer vom Königssee」品嚐國王湖產橡木桶現燻紅點鱒魚 (Steckerlfisch) 配黑麵包。,"https://www.google.com/maps/place/St.+Bartholom%C3%A4/@47.5447,12.9725,17z"
【阿姆巴赫峽谷停車場】Parkplatz Almbachklamm (Kugelmühle),2026-10-11 09:30 - 12:00,🅿️ 景點停車場,"Kugelmühlweg 18, 83487 Marktschellenberg, Germany",47.6698,13.0336,【10/11 上午停泊】東側著名大峽谷阿姆巴赫峽谷 (Almbachklamm) 入口停車場（免費停放）。起點為德國現存最古老的水力「大理石彈珠磨坊 (Kugelmühle)」。步行進入木棧道與吊橋欣賞激流飛瀑，往返約 1.5-2 小時。入口旁 Gasthof Kugelmühle 週日有開，可在此吃午餐喝咖啡。,"https://www.google.com/maps/place/Parkplatz+Almbachklamm/@47.6698,13.0336,17z"
【全景公路北收費站】Roßfeldpanoramastraße Mautstelle Nord,2026-10-11 13:30,🚗 租車與公路,"Roßfeldstraße 150, 83471 Berchtesgaden, Germany",47.6565,13.0768,"【10/11 下午上山】德國最高景觀公路「北收費站」（從阿姆巴赫峽谷開車過來僅 10 分鐘！）。小客車通行費約 €9.00（全車包價，含所有觀景停車場）。付費後沿著壯麗阿爾卑斯盤山公路爬升至 1,570 公尺頂峰。","https://www.google.com/maps/place/Mautstelle+Nord+Ro%C3%9Ffeldpanoramastra%C3%9Fe/@47.6565,13.0768,17z"
【全景公路頂峰稜線】Aussichtspunkt Roßfeld (Scheitelstrecke),2026-10-11 14:00 - 15:30,⭐ 觀光景點,"Roßfeldpanoramastraße, 83471 Berchtesgaden, Germany",47.6253,13.0898,"【德國最高公路景觀台】海拔 1,570m 稜線大停車場。沿德奧邊界稜線木棧道散步，一腳踏在德國、一腳踏在奧地利！360 度俯瞰奧地利薩爾斯堡平原、薩爾察赫河谷與遠方達赫斯坦雪峰。午後陽光順光，拍照壯觀無比。下坡動能回充 10-15% 電量。","https://www.google.com/maps/place/Aussichtspunkt+Ro%C3%9Ffeld/@47.6253,13.0898,17z"
【中繼咖啡/休息站】Dinzler Kaffeerösterei am Irschenberg,2026-10-12 12:00 - 13:00,☕ 景觀咖啡館,"Wendling 15, 83737 Irschenberg, Germany",47.8174,11.8906,【10/12 中繼休息站】A8 高速公路旁極富盛名的精品咖啡烘焙館與景觀餐廳。設有大型停車場與 Tesla 超充站（Tesla Supercharger Irschenberg）。可在此停靠 30-45 分鐘享用現磨莊園咖啡、精緻甜點或輕食午餐。,"https://www.google.com/maps/place/Dinzler+Kaffeer%C3%B6sterei/@47.8174,11.8906,17z"
【慕尼黑心臟】瑪利亞廣場 (Marienplatz),2026-10-12 17:00 - 20:30,⭐ 觀光景點,"Marienplatz 1, 80331 München, Germany",48.1374,11.5755,【10/12 傍晚散步】慕尼黑老城核心心臟。從 Premier Inn 飯店旁搭 S-Bahn 直達僅 8 分鐘！欣賞哥德式新市政廳木偶鐘 (Glockenspiel)、散步至聖母教堂 (Frauenkirche)、穀物市場 (Viktualienmarkt)，採購德國伴手禮與享用輕鬆晚餐。,"https://www.google.com/maps/place/Marienplatz/@48.1374,11.5755,17z"
【返程搭機】慕尼黑機場 (Flughafen München),2026-10-13 上午,✈️ 機場返程,"Nordallee 25, 85356 München, Germany",48.3537,11.775,【10/13 返台班機】德奧捷自駕 13 日圓滿終點。從飯店門口 Laim / Hirschgarten 站搭乘 S-Bahn（S1 或 S8 一車直達機場約 40 分鐘），辦理國泰航空 CX 登機、行李托運與海關退稅。,"https://www.google.com/maps/place/Munich+Airport/@48.3537,11.7750,17z"
【取車/還車】Nextmove 慕尼黑站點,2026-10-06 09:00 取車 / 10-12 16:00 還車,🚗 租車與公路,"Landsberger Str. 318D, 80687 München, Germany",48.1408,11.5072,Tesla Model 3 RWD 取還車地點（合約 VNN-26-106734-2，車牌 W-AK 7176E）。含充電一口價 €39（免滿電還車）。,"https://www.google.com/maps/place/nextmove+M%C3%BCnchen/@48.1408,11.5072,17z"
【第 5 晚住宿】Hotel Tessin (特辛酒店),2026-10-05 Check-in,🏨 住宿飯店,"Landsberger Str. 436, 81241 München, Germany",48.1436,11.4883,慕尼黑 Laim 區，搭 FlixBus 抵達慕尼黑後的過夜飯店，鄰近 Nextmove 取車點，9/3 已扣款/預授權完成。,"https://www.google.com/maps/place/Hotel+Tessin/@48.1436,11.4883,17z"
【第 6 晚住宿】中央城旅館 (Central City Hotel Füssen),2026-10-06 Check-in,🏨 住宿飯店,"Bahnhofstraße 12, 87629 Füssen, Germany",47.5701,10.7011,富森市中心，近火車站與老街，附設電動車充電設施，新天鵝堡行程結束後下榻。,"https://www.google.com/maps/place/Central+City+Hotel/@47.5701,10.7011,17z"
【第 7 晚住宿】H+ Hotel Salzburg,2026-10-07 Check-in (15:00),🏨 住宿飯店,"Südtiroler Pl. 13, 5020 Salzburg, Austria",47.8136,13.0453,薩爾斯堡火車站旁，交通極為便利，已付清。地下直通 Tiefgarage Hauptbahnhof 停車場，可先停妥行李後漫步過河至老城要塞。,"https://www.google.com/maps/place/H%2B+Hotel+Salzburg/@47.8136,13.0453,17z"
【第 8 晚住宿】Dormio Resort Obertraun,2026-10-08 Check-in,🏨 住宿飯店,"Obertraun 300, 4831 Obertraun, Austria",47.5531,13.6896,上特勞恩湖畔渡假村，具備完善充電設施，已付清。近達赫斯坦纜車站。,"https://www.google.com/maps/place/Dormio+Resort+Obertraun/@47.5531,13.6896,17z"
【第 9-11 晚基地】Explorer Hotel Berchtesgaden,2026-10-09 至 10-12 連住 3 晚,🏨 住宿飯店,"Hofreitstr. 7, 83471 Schönau am Königssee, Germany",47.6046,12.9868,【第 9-11 晚大本營】位於舍瑙阿姆克尼格塞 (Schönau am Königssee)，離國王湖大停車場與碼頭僅 2.5 公里（開車 3-4 分鐘直達，完全無需進入貝希特斯加登市區！）。附設電動車充電樁與阿爾卑斯三溫暖桑拿放鬆設施。,"https://www.google.com/maps/place/Explorer+Hotel+Berchtesgaden/@47.6046,12.9868,17z"
【第 12 晚住宿】Premier Inn München City West,2026-10-12 Check-in,🏨 住宿飯店,"Landsberger Str. 312, 80687 München, Germany",48.1409,11.5085,慕尼黑 Laim 區，緊鄰 Nextmove 還車站點，已付清。10/12 還車後步行直接入住，隔天直奔機場。,"https://www.google.com/maps/place/Premier+Inn+Munich+City+West+hotel/@48.1409,11.5085,17z"
